booklet_id,n_items,alpha,mean_pvalue,mean_rit,mean_rir,max_booklet_score,n_persons
maths-workshop,15,0.7288006530606125,0.5401001001001001,0.44011545806894026,0.31909961450854224,15,1665
